,Riyadh,Jeddah,Dammam,Mecca,Medina,Khobar,Abha,Tabuk,Hail
Riyadh,0.0,79.11154474360372,101.756895828171,80.75256087266784,61.472768556636844,40.553964026363346,96.28392235771888,78.06021749739811,27.747517910314595
Jeddah,79.11154474360372,0.0,22.67272863742392,6.9431789019630346,24.118334341610126,69.52925834901278,49.702441302747744,81.61753938355973,56.68628289487824
Dammam,101.756895828171,22.67272863742392,0.0,21.995041658761032,44.812300677498584,90.23280556373264,54.35692678506507,96.45693213949475,78.63054666038298
Mecca,80.75256087266784,6.9431789019630346,21.995041658761032,0.0,29.637499426835987,74.35879169174181,56.43239450637319,88.1477283072093,56.77513642599811
Medina,61.472768556636844,24.118334341610126,44.812300677498584,29.637499426835987,0.0,45.602359094225605,41.91193971687827,59.81962493336087,45.41005557077276
Khobar,40.553964026363346,69.52925834901278,90.23280556373264,74.35879169174181,45.602359094225605,0.0,64.66538497815229,37.52290535884914,49.56879043321387
Abha,96.28392235771888,49.702441302747744,54.35692678506507,56.43239450637319,41.91193971687827,64.66538497815229,0.0,50.563087952600824,86.14935838164412
Tabuk,78.06021749739811,81.61753938355973,96.45693213949475,88.1477283072093,59.81962493336087,37.52290535884914,50.563087952600824,0.0,83.8521520907365
Hail,27.747517910314595,56.68628289487824,78.63054666038298,56.77513642599811,45.41005557077276,49.56879043321387,86.14935838164412,83.8521520907365,0.0
